<?xml version="1.0" encoding="UTF-8"?>
<feed xmlns="http://www.w3.org/2005/Atom">
  <title>Mohammad Khodaparastan</title>

  <link href="https://khodaparastan.com/feed.xml" rel="self"/>
  <link href="https://khodaparastan.com"/>

  <updated>2017-05-10T11:18:48+0430</updated>
  <id>https://khodaparastan.com</id>
  
  <author>
    <name>Mohammad Khodaparastan</name>
  </author>
    
  <generator>Mira</generator>

  
  <entry>
    <title>Ballas</title>
    <link href="https://khodaparastan.com/ballas/"/>
    <id>https://khodaparastan.com/ballas/</id>

    <published>2017-01-30T19:10:12+0430</published>
    <updated>2017-01-30T19:10:12+0430</updated>

    <content type="html"><![CDATA[<a name="more"></a>
<h2 id="ballas">Ballas</h2>

<p><a href="http://rahavard365.com">rahavard</a></p>
]]></content>

    <summary>
    &lt;p&gt;Ballas

rahavard
&lt;/p&gt;
    </summary>
  </entry>
  
</feed>
